{
	"id": "42593b6b-95a0-4ffd-9ae3-3fded452caa0",
	"name": "Data at the Point of Care Sandbox",
	"values": [
		{
			"key": "baseUrl",
			"value": "https://sandbox.dpc.cms.gov",
			"enabled": true
		},
		{
			"key": "PUBLIC_KEY",
			"value": "",
			"enabled": true
		},
		{
			"key": "public-key-signature",
			"value": "",
			"enabled": true
		},
		{
			"key": "public-key-label",
			"value": "",
			"enabled": true
		},
		{
			"key": "key_id",
			"value": "",
			"enabled": true
		},
		{
			"key": "attestationHeader",
			"value": "{\"resourceType\":\"Provenance\",\"recorded\":\"2020-06-03T16:44:45.008Z\",\"reason\":[{\"system\":\"http://hl7.org/fhir/v3/ActReason\",\"code\":\"TREAT\"}],\"agent\":[{\"role\":[{\"coding\":[{\"system\":\"http://hl7.org/fhir/v3/RoleClass\",\"code\":\"AGNT\"}]}],\"whoReference\":{\"reference\":\"Organization/351fbb5f-f2f9-4094-bc6f-2b3600bb56e9\"},\"onBehalfOfReference\":{\"reference\":\"Practitioner/0c527d2e-2e8a-4808-b11d-0fa06baf8254\"}}]}",
			"enabled": true
		},
		{
			"key": "practitioner-id",
			"value": "0c527d2e-2e8a-4808-b11d-0fa06baf8254",
			"enabled": true
		},
		{
			"key": "provider_npi",
			"value": "1234329724",
			"enabled": true
		},
		{
			"key": "group-id",
			"value": "9aed444d-e9e4-4dfe-a7fa-044189b88116",
			"enabled": true
		},
		{
			"key": "patient-id",
			"value": "995a1c0f-b6bc-4d16-b6b0-b8a6597c6e1d",
			"enabled": true
		},
		{
			"key": "job-id",
			"value": "",
			"enabled": true
		},
		{
			"key": "file_name",
			"value": "",
			"enabled": true
		},
		{
			"key": "patient_mbi",
			"value": "4S41C00AA00",
			"enabled": true
		},
		{
			"key": "organization-id",
			"value": "",
			"enabled": true
		}
	],
	"_postman_variable_scope": "environment",
	"_postman_exported_at": "2025-02-21T21:54:18.567Z",
	"_postman_exported_using": "Postman/11.33.5"
}