<?xml version="1.0" encoding="UTF-8"?>

<ImplementationGuide xmlns="http://hl7.org/fhir">
  <id value="cms-dpc-ig"/>
  <meta>
    <versionId value="8"/>
    <lastUpdated value="2019-07-16T14:49:27.000-04:00"/>
  </meta>
  <text>
    <status value="extensions"/><div xmlns="http://www.w3.org/1999/xhtml"><h2>Data @ the Point of Care Implementation Guide</h2><p>The official URL for this implementation guide is: </p><pre>https://dpc.cms.gov/api/v1/ImplementationGuide/cms-dpc-ig</pre><div><p>Draft implementation guide for DPC Application</p>
</div></div>
  </text>
  <url value="https://dpc.cms.gov/api/v1/ImplementationGuide/cms-dpc-ig"/>
  <name value="Data @ the Point of Care Implementation Guide"/>
  <status value="draft"/>
  <experimental value="false"/>
  <date value="2021-03-26T14:23:39-04:00"/>
  <publisher value="Centers for Medicare and Medicaid Services"/>
  <description value="Draft implementation guide for DPC Application"/>
  <fhirVersion value="3.0.1"/>
  <package id="p1">
    <name value="Profiles in this implementation guide"/>
    <resource>
      <extension url="http://hl7.org/fhir/tools/StructureDefinition/resource-information">
        <valueString value="Patient"/>
      </extension>
      <example value="true"/>
      <sourceReference>
        <reference value="Patient/dpc-sample-patient"/>
        <display value="DPC-sample-patient.json"/>
      </sourceReference>
    </resource>
    <resource>
      <extension url="http://hl7.org/fhir/tools/StructureDefinition/resource-information">
        <valueString value="Practitioner"/>
      </extension>
      <example value="true"/>
      <sourceReference>
        <reference value="Practitioner/dpc-sample-practitioner"/>
        <display value="DPC-sample-practitioner.json"/>
      </sourceReference>
    </resource>
    <resource>
      <extension url="http://hl7.org/fhir/tools/StructureDefinition/resource-information">
        <valueString value="StructureDefinition:complex-type"/>
      </extension>
      <extension url="http://hl7.org/fhir/StructureDefinition/implementationguide-page">
        <valueUri value="StructureDefinition-dpc-profile-address.html"/>
      </extension>
      <example value="false"/>
      <sourceReference>
        <reference value="StructureDefinition/dpc-profile-address"/>
        <display value="DPCAddress.json"/>
      </sourceReference>
    </resource>
    <resource>
      <extension url="http://hl7.org/fhir/tools/StructureDefinition/resource-information">
        <valueString value="StructureDefinition:resource"/>
      </extension>
      <extension url="http://hl7.org/fhir/StructureDefinition/implementationguide-page">
        <valueUri value="StructureDefinition-dpc-profile-attestation.html"/>
      </extension>
      <example value="false"/>
      <sourceReference>
        <reference value="StructureDefinition/dpc-profile-attestation"/>
        <display value="DPCAttestation.json"/>
      </sourceReference>
    </resource>
    <resource>
      <extension url="http://hl7.org/fhir/tools/StructureDefinition/resource-information">
        <valueString value="StructureDefinition:resource"/>
      </extension>
      <extension url="http://hl7.org/fhir/StructureDefinition/implementationguide-page">
        <valueUri value="StructureDefinition-dpc-profile-attribution-roster.html"/>
      </extension>
      <example value="false"/>
      <sourceReference>
        <reference value="StructureDefinition/dpc-profile-attribution-roster"/>
        <display value="DPCAttributionRoster.json"/>
      </sourceReference>
    </resource>
    <resource>
      <extension url="http://hl7.org/fhir/tools/StructureDefinition/resource-information">
        <valueString value="StructureDefinition:resource"/>
      </extension>
      <extension url="http://hl7.org/fhir/StructureDefinition/implementationguide-page">
        <valueUri value="StructureDefinition-dpc-profile-endpoint.html"/>
      </extension>
      <example value="false"/>
      <sourceReference>
        <reference value="StructureDefinition/dpc-profile-endpoint"/>
        <display value="DPCEndpoint.json"/>
      </sourceReference>
    </resource>
    <resource>
      <extension url="http://hl7.org/fhir/tools/StructureDefinition/resource-information">
        <valueString value="StructureDefinition:resource"/>
      </extension>
      <extension url="http://hl7.org/fhir/StructureDefinition/implementationguide-page">
        <valueUri value="StructureDefinition-dpc-profile-organization.html"/>
      </extension>
      <example value="false"/>
      <sourceReference>
        <reference value="StructureDefinition/dpc-profile-organization"/>
        <display value="DPCOrganization.json"/>
      </sourceReference>
    </resource>
    <resource>
      <extension url="http://hl7.org/fhir/tools/StructureDefinition/resource-information">
        <valueString value="StructureDefinition:resource"/>
      </extension>
      <extension url="http://hl7.org/fhir/StructureDefinition/implementationguide-page">
        <valueUri value="StructureDefinition-dpc-profile-patient.html"/>
      </extension>
      <example value="false"/>
      <sourceReference>
        <reference value="StructureDefinition/dpc-profile-patient"/>
        <display value="DPCPatient.json"/>
      </sourceReference>
    </resource>
    <resource>
      <extension url="http://hl7.org/fhir/tools/StructureDefinition/resource-information">
        <valueString value="StructureDefinition:resource"/>
      </extension>
      <extension url="http://hl7.org/fhir/StructureDefinition/implementationguide-page">
        <valueUri value="StructureDefinition-dpc-profile-practitioner.html"/>
      </extension>
      <example value="false"/>
      <sourceReference>
        <reference value="StructureDefinition/dpc-profile-practitioner"/>
        <display value="DPCPractitioner.json"/>
      </sourceReference>
    </resource>
    <resource>
      <extension url="http://hl7.org/fhir/tools/StructureDefinition/resource-information">
        <valueString value="CapabilityStatement"/>
      </extension>
      <example value="false"/>
      <sourceReference>
        <reference value="CapabilityStatement/dpc-capabilities-statement"/>
        <display value="DPCCapabilities.json"/>
      </sourceReference>
    </resource>
    <resource>
      <extension url="http://hl7.org/fhir/tools/StructureDefinition/resource-information">
        <valueString value="OperationDefinition"/>
      </extension>
      <example value="false"/>
      <sourceReference>
        <reference value="OperationDefinition/dpc-practitioner-submit"/>
        <display value="dpc-practitioner-submit.json"/>
      </sourceReference>
    </resource>
    <resource>
      <extension url="http://hl7.org/fhir/tools/StructureDefinition/resource-information">
        <valueString value="OperationDefinition"/>
      </extension>
      <example value="false"/>
      <sourceReference>
        <reference value="OperationDefinition/dpc-practitioner-validate"/>
        <display value="dpc-practitioner-validate.json"/>
      </sourceReference>
    </resource>
    <resource>
      <extension url="http://hl7.org/fhir/tools/StructureDefinition/resource-information">
        <valueString value="OperationDefinition"/>
      </extension>
      <example value="false"/>
      <sourceReference>
        <reference value="OperationDefinition/dpc-patient-submit"/>
        <display value="dpc-patient-submit.json"/>
      </sourceReference>
    </resource>
    <resource>
      <extension url="http://hl7.org/fhir/tools/StructureDefinition/resource-information">
        <valueString value="OperationDefinition"/>
      </extension>
      <example value="false"/>
      <sourceReference>
        <reference value="OperationDefinition/dpc-patient-validate"/>
        <display value="dpc-patient-validate.json"/>
      </sourceReference>
    </resource>
    <resource>
      <extension url="http://hl7.org/fhir/tools/StructureDefinition/resource-information">
        <valueString value="OperationDefinition"/>
      </extension>
      <example value="false"/>
      <sourceReference>
        <reference value="OperationDefinition/dpc-group-add"/>
        <display value="dpc-group-add.json"/>
      </sourceReference>
    </resource>
    <resource>
      <extension url="http://hl7.org/fhir/tools/StructureDefinition/resource-information">
        <valueString value="OperationDefinition"/>
      </extension>
      <example value="false"/>
      <sourceReference>
        <reference value="OperationDefinition/dpc-group-remove"/>
        <display value="dpc-group-remove.json"/>
      </sourceReference>
    </resource>
  </package>
</ImplementationGuide>