<?xml version="1.0" encoding="UTF-8"?>

<Practitioner xmlns="http://hl7.org/fhir">
  <id value="0c527d2e-2e8a-4808-b11d-0fa06baf8254"/>
  <meta>
    <versionId value="MTU1NDgxMjczNjQ1MDE4MjAwMA"/>
    <lastUpdated value="2019-04-09T12:25:36.450182+00:00"/>
  </meta>
  <text>
    <status value="generated"/><div xmlns="http://www.w3.org/1999/xhtml"><p><b>Generated Narrative</b></p><p><b>id</b>: 0c527d2e-2e8a-4808-b11d-0fa06baf8254</p><p><b>meta</b>: </p><p><b>identifier</b>: 3116145044854423862</p><p><b>name</b>: Leonard Klocko </p><p><b>address</b>: 275 SANDWICH STREET PLYMOUTH MA 02360 US </p><p><b>gender</b>: male</p></div>
  </text>
  <identifier>
    <system value="http://hl7.org/fhir/sid/us-npi"/>
    <value value="3116145044854423862"/>
  </identifier>
  <name>
    <family value="Klocko"/>
    <given value="Leonard"/>
    <prefix value="Dr."/>
  </name>
  <address>
    <line value="275 SANDWICH STREET"/>
    <city value="PLYMOUTH"/>
    <state value="MA"/>
    <postalCode value="02360"/>
    <country value="US"/>
  </address>
  <gender value="male"/>
</Practitioner>