<?xml version="1.0" encoding="UTF-8"?>

<Patient xmlns="http://hl7.org/fhir">
  <id value="728b270d-d7de-4143-82fe-d3ccd92cebe4"/>
  <meta>
    <versionId value="MTU1NDgxMjczNTM5MjYwMDAwMA"/>
    <lastUpdated value="2019-04-09T12:25:35.392600+00:00"/>
  </meta>
  <text>
    <status value="generated"/><div xmlns="http://www.w3.org/1999/xhtml"><p><b>Generated Narrative</b></p><p><b>id</b>: 728b270d-d7de-4143-82fe-d3ccd92cebe4</p><p><b>meta</b>: </p><p><b>identifier</b>: 20000000001809, 1SQ3F00AA00, a006edba97087f2911a35706e46bf1287d21d8fa515024ace44d589bdef9d819</p><p><b>name</b>: Jonathan Prosacco (OFFICIAL)</p><p><b>telecom</b>: ph: 555-719-3748(HOME)</p><p><b>gender</b>: male</p><p><b>birthDate</b>: 1943-06-08</p><p><b>address</b>: 1038 Ratke Throughway Apt 10 Medfield Massachusetts 02052 US </p><p><b>maritalStatus</b>: <span title="Codes: {http://hl7.org/fhir/v3/MaritalStatus M}">M</span></p><p><b>multipleBirth</b>: false</p><h3>Communications</h3><table class="grid"><tr><td>-</td><td><b>Language</b></td></tr><tr><td>*</td><td><span title="Codes: {urn:ietf:bcp:47 en-US}">English</span></td></tr></table></div>
  </text>
  <identifier>
    <system value="https://bluebutton.cms.gov/resources/variables/bene_id"/>
    <value value="20000000001809"/>
  </identifier>
  <identifier>
    <system value="http://hl7.org/fhir/sid/us-mbi"/>
    <value value="1SQ3F00AA00"/>
  </identifier>
  <identifier>
    <system value="https://bluebutton.cms.gov/resources/identifier/mbi-hash"/>
    <value value="a006edba97087f2911a35706e46bf1287d21d8fa515024ace44d589bdef9d819"/>
  </identifier>
  <name>
    <use value="official"/>
    <family value="Prosacco"/>
    <given value="Jonathan"/>
    <prefix value="Mr."/>
  </name>
  <telecom>
    <system value="phone"/>
    <value value="555-719-3748"/>
    <use value="home"/>
  </telecom>
  <gender value="male"/>
  <birthDate value="1943-06-08"/>
  <address>
    <extension url="http://hl7.org/fhir/StructureDefinition/geolocation">
      <extension url="latitude">
        <valueDecimal value="42.187011"/>
      </extension>
      <extension url="longitude">
        <valueDecimal value="-71.30040"/>
      </extension>
    </extension>
    <line value="1038 Ratke Throughway Apt 10"/>
    <city value="Medfield"/>
    <state value="Massachusetts"/>
    <postalCode value="02052"/>
    <country value="US"/>
  </address>
  <maritalStatus>
    <coding>
      <system value="http://hl7.org/fhir/v3/MaritalStatus"/>
      <code value="M"/>
      <display value="Married"/>
    </coding>
    <text value="M"/>
  </maritalStatus>
  <multipleBirthBoolean value="false"/>
  <communication>
    <language>
      <coding>
        <system value="urn:ietf:bcp:47"/>
        <code value="en-US"/>
        <display value="English (Region=United States)"/>
      </coding>
      <text value="English"/>
    </language>
  </communication>
</Patient>