{
  "package": "cms-dpc-ig",
  "fhirVersion": "3.0.1",
  "extensions": [],
  "profiles": {
    "Provenance": [
      {
        "url": "https://dpc.cms.gov/api/v1/StructureDefinition/dpc-profile-attestation",
        "title": "DPC Attribution Attestation"
      }
    ],
    "Group": [
      {
        "url": "https://dpc.cms.gov/api/v1/StructureDefinition/dpc-profile-attribution-roster",
        "title": "DPC Attribution Roster"
      }
    ],
    "Endpoint": [
      {
        "url": "https://dpc.cms.gov/api/v1/StructureDefinition/dpc-profile-endpoint",
        "title": "DPC Endpoint"
      }
    ],
    "Organization": [
      {
        "url": "https://dpc.cms.gov/api/v1/StructureDefinition/dpc-profile-organization",
        "title": "DPC Organization"
      }
    ],
    "Patient": [
      {
        "url": "https://dpc.cms.gov/api/v1/StructureDefinition/dpc-profile-patient",
        "title": "DPC Patient"
      }
    ],
    "Practitioner": [
      {
        "url": "https://dpc.cms.gov/api/v1/StructureDefinition/dpc-profile-practitioner",
        "title": "DPC Practitioner"
      }
    ]
  },
  "usage": {
    "http://fhir-registry.smarthealthit.org/StructureDefinition/oauth-uris": [
      "CapabilityStatement.rest.security"
    ],
    "http://hl7.org/fhir/StructureDefinition/elementdefinition-bindingName": [
      "StructureDefinition.snapshot.element.binding"
    ],
    "http://hl7.org/fhir/StructureDefinition/elementdefinition-isCommonBinding": [
      "StructureDefinition.snapshot.element.binding"
    ],
    "http://hl7.org/fhir/StructureDefinition/elementdefinition-maxValueSet": [
      "StructureDefinition.snapshot.element.binding"
    ],
    "http://hl7.org/fhir/StructureDefinition/elementdefinition-translatable": [
      "StructureDefinition.snapshot.element"
    ],
    "http://hl7.org/fhir/StructureDefinition/geolocation": [
      "Patient.address"
    ],
    "http://hl7.org/fhir/StructureDefinition/structuredefinition-explicit-type-name": [
      "StructureDefinition.snapshot.element"
    ],
    "http://hl7.org/fhir/tools/StructureDefinition/resource-information": [
      "ImplementationGuide.package.resource"
    ]
  }
}