{
  "resourceType": "Practitioner",
  "id": "0c527d2e-2e8a-4808-b11d-0fa06baf8254",
  "meta": {
    "versionId": "MTU1NDgxMjczNjQ1MDE4MjAwMA",
    "lastUpdated": "2019-04-09T12:25:36.450182+00:00"
  },
  "text": {
    "status": "generated",
    "div": "<div xmlns=\"http://www.w3.org/1999/xhtml\"><p><b>Generated Narrative</b></p><p><b>id</b>: 0c527d2e-2e8a-4808-b11d-0fa06baf8254</p><p><b>meta</b>: </p><p><b>identifier</b>: 3116145044854423862</p><p><b>name</b>: Leonard Klocko </p><p><b>address</b>: 275 SANDWICH STREET PLYMOUTH MA 02360 US </p><p><b>gender</b>: male</p></div>"
  },
  "identifier": [
    {
      "system": "http://hl7.org/fhir/sid/us-npi",
      "value": "3116145044854423862"
    }
  ],
  "name": [
    {
      "family": "Klocko",
      "given": [
        "Leonard"
      ],
      "prefix": [
        "Dr."
      ]
    }
  ],
  "address": [
    {
      "line": [
        "275 SANDWICH STREET"
      ],
      "city": "PLYMOUTH",
      "state": "MA",
      "postalCode": "02360",
      "country": "US"
    }
  ],
  "gender": "male"
}